1,Loot_r3_r2_d100,5,0,2023-06-18-22:29:41+02:00
2,LongDress_r2_r1_d300,8,0,2023-06-20-15:42:02+02:00
2,LongDress_r2_r1_d150,8,0,2023-06-20-15:42:16+02:00
2,LongDress_r1_r2_d150,8,0,2023-06-20-15:42:35+02:00
2,LongDress_r2_r1_d150,5,0,2023-06-20-15:42:49+02:00
2,Loot_r2_r1_d300,5,0,2023-06-20-15:43:02+02:00
2,Loot_r1_r2_d300,5,0,2023-06-20-15:43:14+02:00
2,Loot_r2_r1_d150,5,0,2023-06-20-15:43:27+02:00
2,Loot_r1_r2_d150,5,0,2023-06-20-15:44:01+02:00
2,LongDress_r1_r2_d300,5,0,2023-06-20-15:44:20+02:00
3,LongDress_r2_r1_d150,2,0,2023-06-20-17:33:11+02:00
3,Loot_r1_r2_d300,4,0,2023-06-20-17:33:39+02:00
4,Loot_r1_r2_d150,3,0,2023-06-20-17:35:04+02:00
4,LongDress_r2_r1_d300,6,0,2023-06-20-17:35:27+02:00
4,Loot_r2_r1_d300,9,0,2023-06-20-17:35:46+02:00
4,Loot_r1_r2_d150,5,0,2023-06-20-17:36:06+02:00
